{"cameraMode":{"drawMode":0,"name":"Shaded","section":"Shading Mode"},"sceneLighting":false,"audioPlay":false,"sceneViewState":{"m_AlwaysRefresh":false,"showFog":true,"showSkybox":false,"showFlares":true,"showImageEffects":true,"showParticleSystems":true,"showVisualEffectGraphs":true,"m_FxEnabled":true},"in2DMode":false,"pivot":{"x":-0.6768079996109009,"y":0.19316117465496064,"z":-0.5426570773124695},"rotation":{"x":-0.10066919773817063,"y":-0.3930523693561554,"z":0.03894316032528877,"w":-0.9131894111633301},"size":0.3264450430870056,"orthographic":false}